"First Name","Last Name","Age","Email","Phone"
"Melanie","Sullivan","25","m.sullivan@randatmail.com","342-7620-31"
"Brad","Riley","20","b.riley@randatmail.com","303-5629-42"
"Ryan","Stevens","23","r.stevens@randatmail.com","480-1277-97"
"Richard","Armstrong","21","r.armstrong@randatmail.com","451-0382-36"
"Aiden","Stevens","29","a.stevens@randatmail.com","476-2921-61"
"Miley","Phillips","29","m.phillips@randatmail.com","840-2767-03"
"Harold","Barnes","26","h.barnes@randatmail.com","849-0920-66"
"William","West","20","w.west@randatmail.com","975-3944-75"
"Madaline","Morrison","22","m.morrison@randatmail.com","156-0732-48"
"Lily","Perry","23","l.perry@randatmail.com","636-9100-87"
"Julia","Phillips","19","j.phillips@randatmail.com","037-8468-42"
"Grace","Douglas","24","g.douglas@randatmail.com","885-7885-38"
"Fiona","Ryan","22","f.ryan@randatmail.com","080-9983-21"
"Roland","Spencer","29","r.spencer@randatmail.com","275-2491-58"
"Alisa","Higgins","19","a.higgins@randatmail.com","341-2488-30"
"Victor","Moore","22","v.moore@randatmail.com","643-0632-63"
"Luke","Elliott","28","l.elliott@randatmail.com","136-1181-25"
"Stella","Ross","28","s.ross@randatmail.com","028-1316-88"
"Brooke","Bailey","18","b.bailey@randatmail.com","978-3124-55"
"Victoria","Hunt","29","v.hunt@randatmail.com","101-9416-22"
"Isabella","Richards","20","i.richards@randatmail.com","939-4392-10"
"Dexter","Henderson","20","d.henderson@randatmail.com","688-6854-33"
"Alberta","Wilson","18","a.wilson@randatmail.com","934-6450-34"
"Myra","Roberts","25","m.roberts@randatmail.com","708-9811-37"
"Aston","Clark","28","a.clark@randatmail.com","099-6371-61"
"Marcus","Johnson","19","m.johnson@randatmail.com","768-5060-19"
"Mike","Adams","27","m.adams@randatmail.com","818-7491-61"
"Andrew","Elliott","29","a.elliott@randatmail.com","690-8362-10"
"Aston","Adams","26","a.adams@randatmail.com","275-2042-84"
"Edith","Rogers","30","e.rogers@randatmail.com","889-1850-99"
"Andrew","Craig","28","a.craig@randatmail.com","830-3399-40"
"Jack","Brooks","24","j.brooks@randatmail.com","321-7791-38"
"Carina","Owens","23","c.owens@randatmail.com","416-0003-54"
"Andrew","Sullivan","20","a.sullivan@randatmail.com","506-7411-93"
"Vincent","Morris","22","v.morris@randatmail.com","490-5430-24"
"Sawyer","Wright","20","s.wright@randatmail.com","379-3459-81"
"Lyndon","Perkins","26","l.perkins@randatmail.com","550-6576-61"
"Chester","Kelley","23","c.kelley@randatmail.com","842-6120-26"
"Frederick","Perry","26","f.perry@randatmail.com","951-6658-21"
"Lana","Casey","21","l.casey@randatmail.com","445-5941-69"
"Grace","Reed","29","g.reed@randatmail.com","594-2411-04"
"Abigail","Lloyd","19","a.lloyd@randatmail.com","982-9786-42"
"James","Miller","24","j.miller@randatmail.com","521-6702-65"
"Eddy","Moore","29","e.moore@randatmail.com","016-4654-55"
"Alisa","Ross","25","a.ross@randatmail.com","123-1742-00"
"Harold","Carroll","30","h.carroll@randatmail.com","786-2704-63"
"Maya","Harrison","27","m.harrison@randatmail.com","936-8496-01"
"Sofia","Fowler","22","s.fowler@randatmail.com","443-7046-24"
"Alina","Adams","18","a.adams@randatmail.com","945-2890-13"
"Cadie","Robinson","30","c.robinson@randatmail.com","267-5647-40"
"Tiana","Gibson","28","t.gibson@randatmail.com","235-0540-69"
"Fiona","Alexander","21","f.alexander@randatmail.com","519-2461-81"
"Max","Barrett","26","m.barrett@randatmail.com","420-8240-60"
"Ned","Ross","20","n.ross@randatmail.com","094-2470-94"
"Aida","Murphy","18","a.murphy@randatmail.com","096-9561-41"
"Michael","Fowler","25","m.fowler@randatmail.com","660-6547-57"
"Arthur","Allen","25","a.allen@randatmail.com","943-7175-53"
"Sofia","Richards","20","s.richards@randatmail.com","282-9349-00"
"Alexia","Walker","24","a.walker@randatmail.com","989-6913-76"
"Olivia","Harrison","24","o.harrison@randatmail.com","937-5863-15"
"Haris","Smith","22","h.smith@randatmail.com","410-7598-56"
"Ellia","Gray","24","e.gray@randatmail.com","006-5094-53"
"Lucy","Grant","19","l.grant@randatmail.com","465-9478-64"
"Michael","Hawkins","19","m.hawkins@randatmail.com","602-2223-73"
"Freddie","Armstrong","25","f.armstrong@randatmail.com","939-2672-75"
"Kristian","Tucker","20","k.tucker@randatmail.com","202-7587-73"
"Lucy","Harrison","20","l.harrison@randatmail.com","450-5083-69"
"Fiona","Farrell","23","f.farrell@randatmail.com","094-8511-74"
"Daryl","Adams","24","d.adams@randatmail.com","610-3100-01"
"Cherry","Wells","26","c.wells@randatmail.com","819-5459-72"
"April","Ferguson","21","a.ferguson@randatmail.com","493-3650-41"
"Oscar","Tucker","19","o.tucker@randatmail.com","587-1441-64"
"Emily","Hamilton","24","e.hamilton@randatmail.com","411-4005-74"
"Kirsten","Edwards","25","k.edwards@randatmail.com","159-4891-80"
"Tiana","Hall","25","t.hall@randatmail.com","997-5046-99"
"Chloe","Riley","19","c.riley@randatmail.com","355-7425-59"
"Evelyn","Payne","30","e.payne@randatmail.com","052-6074-58"
"Vanessa","Richards","29","v.richards@randatmail.com","153-3056-15"
"Alexia","Hill","26","a.hill@randatmail.com","670-5684-74"
"Anna","Ferguson","21","a.ferguson@randatmail.com","712-3861-78"
"Rubie","Adams","19","r.adams@randatmail.com","786-5350-73"
"William","Murray","30","w.murray@randatmail.com","024-5423-55"
"Ryan","Moore","18","r.moore@randatmail.com","046-5522-11"
"Eric","Sullivan","23","e.sullivan@randatmail.com","294-7111-36"
"Arthur","Lloyd","22","a.lloyd@randatmail.com","318-9537-21"
"Alfred","Taylor","24","a.taylor@randatmail.com","259-3766-11"
"Rafael","Douglas","30","r.douglas@randatmail.com","945-8625-18"
"Alan","Hawkins","26","a.hawkins@randatmail.com","248-9738-78"
"Andrew","Crawford","18","a.crawford@randatmail.com","508-5190-98"
"Hailey","Ryan","24","h.ryan@randatmail.com","061-5365-55"
"Andrew","Anderson","19","a.anderson@randatmail.com","088-6685-51"
"Ryan","Ellis","22","r.ellis@randatmail.com","379-8803-73"
"George","Myers","27","g.myers@randatmail.com","834-9504-17"
"Tony","Walker","19","t.walker@randatmail.com","327-2892-02"
"Jared","Richardson","21","j.richardson@randatmail.com","151-2120-92"
"Robert","Montgomery","23","r.montgomery@randatmail.com","185-7112-43"
"Arnold","Moore","27","a.moore@randatmail.com","230-4172-22"
"William","Sullivan","21","w.sullivan@randatmail.com","953-7826-40"
"Gianna","Scott","18","g.scott@randatmail.com","451-9111-42"
"Frederick","Hall","28","f.hall@randatmail.com","791-1572-52"
"Chelsea","Miller","26","c.miller@randatmail.com","107-6994-71"
"Abigail","Cunningham","23","a.cunningham@randatmail.com","988-7429-70"
"Belinda","Foster","19","b.foster@randatmail.com","954-6366-54"
"Darcy","Miller","19","d.miller@randatmail.com","347-9769-83"
"Tony","Campbell","25","t.campbell@randatmail.com","394-0633-87"
"Chelsea","Campbell","22","c.campbell@randatmail.com","845-2702-39"
"Darcy","Adams","21","d.adams@randatmail.com","181-8168-12"
"Lucas","Parker","30","l.parker@randatmail.com","974-6572-59"
"Adrian","Robinson","19","a.robinson@randatmail.com","356-3179-51"
"Julia","Watson","22","j.watson@randatmail.com","060-2235-48"
"Spike","Stewart","18","s.stewart@randatmail.com","860-0269-15"
"Blake","Williams","20","b.williams@randatmail.com","003-9920-78"
"Naomi","Campbell","23","n.campbell@randatmail.com","055-6567-74"
"Roman","Campbell","29","r.campbell@randatmail.com","927-1365-19"
"Adison","Alexander","19","a.alexander@randatmail.com","953-3265-08"
"Haris","Cameron","30","h.cameron@randatmail.com","983-6802-00"
"Grace","Robinson","22","g.robinson@randatmail.com","998-5257-68"
"John","Clark","18","j.clark@randatmail.com","749-1717-07"
"Aiden","Alexander","25","a.alexander@randatmail.com","198-2312-81"
"Tess","Davis","20","t.davis@randatmail.com","223-6044-60"
"Connie","Hall","21","c.hall@randatmail.com","261-3464-18"
"Alina","West","20","a.west@randatmail.com","482-3785-29"
"Ned","Wilson","23","n.wilson@randatmail.com","705-3781-36"
"Paige","Clark","26","p.clark@randatmail.com","058-3727-02"
"Stella","Wells","18","s.wells@randatmail.com","898-7152-11"
"Amanda","Reed","26","a.reed@randatmail.com","887-1904-25"
"Richard","Mason","19","r.mason@randatmail.com","421-0753-28"
"Thomas","Robinson","26","t.robinson@randatmail.com","679-8886-92"
"Freddie","Roberts","30","f.roberts@randatmail.com","235-1037-12"
"Alford","Campbell","27","a.campbell@randatmail.com","482-4256-15"
"Ned","Riley","20","n.riley@randatmail.com","803-5178-87"
"Wilson","Taylor","29","w.taylor@randatmail.com","890-9057-91"
"Frederick","Sullivan","28","f.sullivan@randatmail.com","621-0345-43"
"Aston","Taylor","24","a.taylor@randatmail.com","224-6945-59"
"Daryl","Watson","26","d.watson@randatmail.com","769-8818-29"
"Sydney","Foster","23","s.foster@randatmail.com","770-2154-39"
"Darcy","Stevens","18","d.stevens@randatmail.com","319-5195-72"
"Abigail","Parker","28","a.parker@randatmail.com","945-8776-98"
"Tess","Tucker","27","t.tucker@randatmail.com","395-8650-61"
"Aldus","Morgan","21","a.morgan@randatmail.com","770-5303-07"
"Roland","Bailey","23","r.bailey@randatmail.com","564-5124-89"
"Agata","Thompson","28","a.thompson@randatmail.com","207-4935-43"
"Hailey","Roberts","30","h.roberts@randatmail.com","375-7282-42"
"Aston","Carter","19","a.carter@randatmail.com","943-8171-15"
"Briony","Turner","21","b.turner@randatmail.com","336-8747-06"
"Natalie","West","21","n.west@randatmail.com","752-0532-03"
"Ashton","Roberts","19","a.roberts@randatmail.com","918-6424-43"
"Frederick","Hunt","26","f.hunt@randatmail.com","172-5095-08"
"Jasmine","Higgins","27","j.higgins@randatmail.com","022-9807-52"
"Emma","Mason","20","e.mason@randatmail.com","474-9640-20"
"Charlotte","Stevens","29","c.stevens@randatmail.com","692-6327-99"
"Belinda","Richards","26","b.richards@randatmail.com","449-1468-89"
"Max","Clark","28","m.clark@randatmail.com","021-9634-06"
"Vanessa","Perkins","28","v.perkins@randatmail.com","016-0995-92"
"Cherry","Stevens","30","c.stevens@randatmail.com","741-3562-62"
"Maria","Wilson","29","m.wilson@randatmail.com","865-7051-65"
"Steven","Perry","29","s.perry@randatmail.com","685-1798-11"
"Grace","Phillips","20","g.phillips@randatmail.com","143-3229-00"
"Natalie","Carroll","28","n.carroll@randatmail.com","955-0054-47"
"Chelsea","Nelson","23","c.nelson@randatmail.com","152-3715-19"
"Sofia","Armstrong","20","s.armstrong@randatmail.com","335-2606-94"
"Hailey","Jones","22","h.jones@randatmail.com","360-8699-28"
"Julia","Thomas","19","j.thomas@randatmail.com","226-9110-01"
"Eleanor","Ross","19","e.ross@randatmail.com","616-6693-97"
"Maddie","Armstrong","21","m.armstrong@randatmail.com","849-0965-46"
"Kirsten","West","30","k.west@randatmail.com","419-4722-82"
"Edward","Adams","22","e.adams@randatmail.com","477-3019-78"
"George","Hunt","26","g.hunt@randatmail.com","673-9730-80"
"Alisa","Johnson","18","a.johnson@randatmail.com","233-7516-36"
"Alberta","Johnson","25","a.johnson@randatmail.com","621-6470-69"
"Olivia","Williams","29","o.williams@randatmail.com","558-7130-93"
"Derek","Cunningham","20","d.cunningham@randatmail.com","382-9192-47"
"Nicole","Craig","21","n.craig@randatmail.com","015-9386-22"
"Richard","West","23","r.west@randatmail.com","410-0543-81"
"Ryan","Johnston","29","r.johnston@randatmail.com","356-5915-51"
"Jack","Elliott","18","j.elliott@randatmail.com","564-3223-03"
"Miranda","Richardson","28","m.richardson@randatmail.com","073-3984-39"
"Harold","Ross","27","h.ross@randatmail.com","045-0884-54"
"George","Barrett","25","g.barrett@randatmail.com","801-4827-77"
"Dale","Andrews","20","d.andrews@randatmail.com","401-2539-41"
"Alina","Kelly","23","a.kelly@randatmail.com","192-6404-85"
"Sawyer","Spencer","25","s.spencer@randatmail.com","694-6638-49"
"George","Ryan","18","g.ryan@randatmail.com","255-0107-08"
"Connie","Perry","28","c.perry@randatmail.com","333-1192-61"
"Chester","Casey","23","c.casey@randatmail.com","517-0106-10"
"Sienna","Scott","25","s.scott@randatmail.com","099-6457-16"
"Paul","Ryan","29","p.ryan@randatmail.com","128-9444-08"
"Tara","Owens","24","t.owens@randatmail.com","198-5000-94"
"Ryan","Edwards","23","r.edwards@randatmail.com","140-8014-99"
"Audrey","Thompson","28","a.thompson@randatmail.com","465-4864-88"
"Tyler","Russell","27","t.russell@randatmail.com","497-9675-54"
"John","Wells","28","j.wells@randatmail.com","086-1592-23"
"Daryl","Evans","25","d.evans@randatmail.com","169-3398-16"
"Alen","Gibson","21","a.gibson@randatmail.com","985-3347-16"
"Cherry","Barnes","19","c.barnes@randatmail.com","279-2539-64"
"Kelsey","Morris","24","k.morris@randatmail.com","754-5928-86"
"Harold","Watson","29","h.watson@randatmail.com","394-8627-72"
"Antony","Scott","29","a.scott@randatmail.com","349-6165-58"
"Adrian","Carroll","29","a.carroll@randatmail.com","584-1212-67"
"Lucas","Scott","26","l.scott@randatmail.com","280-9139-27"
